{
    "UKESM1-0-LL": {
        "ERFari": {
            "BC": 0.0025486764590411104,
            "OC": 6.32025380211676e-05,
            "SO2": -0.002388644414646368
        },
        "ERFaci": {
            "beta": 0.7412276674662837,
            "n0": 39.51676447458611,
            "n1": 228.07885995571147
        }
    }
}